Timestamp,Email address,Name,Age,Gender,City,Do you prefer Veg or Non-Veg food?,Which brand do you prefer?,Which food item do you purchase most frequently?,What is your preferred calorie range per meal?,How would you describe the pricing?,How would you rate the package quality?,How would you rate the taste?,How would you rate the quality of the food?,How would you rate your overall satisfaction?,What is your primary motivation for buying this?,What do you expect most from this product?,What is your favorite food item?,Do you have specific dietary preferences?,Which nutritional claims matter to you?,How would you describe your experience in words?,Would you recommend this food to others?,Where do you prefer to purchase?,Feedback 
2025/11/26 6:40:03 pm GMT+5:30,sidfrancis52@proton.me ,Devang Goel,36,Male,Amravati,Both,Other,Beverage,Low (0–150),Cheap,2,1,4,5,Health,Hygiene,Coffee,Veg,Low Sugar,Average,No,Others,Felt unseasoned.
2025/11/26 6:40:04 pm GMT+5:30,riteshmore12@yahoo.com ,Noah Collins,28,Female,Amravati,Veg,Parle,Samosa,High (300+),Cheap,4,2,1,4,Health,Hygiene,Coffee,Non-Veg,High Protein,Very Poor,No,Store,Sauce tasted artificial.
2025/11/26 6:40:05 pm GMT+5:30,stevejacob92@outlook.com ,Raghav Suri,23,Female,Amravati,Both,Other,Cake,Mid (150–250),Cheap,4,5,4,5,Habit,Hygiene,Sandwich,Non-Veg,Low Fat,Very Poor,Yes,Others,Burnt edges ruined it.
2025/11/26 6:40:06 pm GMT+5:30,harshsabh02@gmail.com ,Darsh Kapadia,29,Female,Amravati,Veg,Parle,Yoghurt,Mid (150–250),Cheap,2,5,3,4,Habit,Taste,Biscuits,Veg,Low Sugar,Very Poor,Yes,Delivery Partner,Too plain.
2025/11/26 6:40:10 pm GMT+5:30,ishanv23@yahoo.com ,Lucas Grant,32,Female,Amravati,Non-Veg,Unilever,Beverage,Low (0–150),Reasonable,3,3,5,5,Habit,Hygiene,Sandwich,Non-Veg,Low Fat,Average,Yes,Dining,Texture felt lazy.
2025/11/26 6:40:11 pm GMT+5:30,ishanv23@yahoo.com ,Yash Malhotra,50,Male,Amravati,Veg,Haldiram,Cake,Low (0–150),Expensive,1,1,3,4,Taste & Price,Price,Pastry,Gluten-Free,Low Sugar,Average,No,Store,Plain and forgettable.
2025/11/26 6:40:12 pm GMT+5:30,tejas.kh21@yahoo.com ,Kunal Batra,33,Female,Amravati,Veg,Tata Consumer,Pizza,Mid (150–250),Reasonable,5,2,4,5,Habit,Hygiene,Namkeen,Non-Veg,High Fiber,Very Poor,Yes,Dining,"Needed acidity, had none."
2025/11/26 6:40:13 pm GMT+5:30,leohayes19@gmail.com ,Connor Price,38,Other,Amravati,Non-Veg,Nestle,Noodles,Low (0–150),Expensive,5,2,1,4,Taste & Price,Taste,Namkeen,Vegan,High Protein,Good,No,Delivery Partner,Overcooked protein.
2025/11/26 6:40:14 pm GMT+5:30,rico.vincent07@gmail.com ,Jatin Mittal,24,Other,Amravati,Both,Coca-Cola,Sandwich,Mid (150–250),Reasonable,3,4,3,5,Habit,Quantity,Pastry,Low-Calorie Diet,High Fiber,Very Poor,No,Delivery Partner,Rubbery texture ruined it.
2025/11/26 6:40:18 pm GMT+5:30,riteshmore12@yahoo.com ,Tanish Arora,32,Female,Amravati,Veg,Britannia,Pastry,Mid (150–250),Cheap,4,3,3,4,Distance,Quantity,Yoghurt,Vegan,High Fiber,Poor,Yes,Delivery Partner,Ingredients tasted cheap.
2025/11/26 8:21:44 pm GMT+5:30,owen.reed07@outlook.com ,Navin Joseph,37,Other,Yavatmal,Both,PepsiCo,Beverage,Mid (150–250),Expensive,4,5,3,5,Distance,Quantity,Yoghurt,Non-Veg,High Protein,Poor,Yes,Online Store,Looked better than it tasted.
2025/11/26 8:21:45 pm GMT+5:30,sameer.dv21@yahoo.com ,Aarav Mehta,18,Other,Delhi,Both,Britannia,Fruit Juice,High (300+),Expensive,5,5,5,4,Health,Hygiene,Chocolate,Veg,High Protein,Good,Yes,Others,Too thick.
2025/11/26 8:21:46 pm GMT+5:30,ronitpurohit10@yahoo.com ,Gaurav Wadhwa,20,Female,Akola,Both,MTR,Pasta,Low (0–150),Reasonable,4,4,5,3,Habit,Quality,Beverage,Veg,Low Sugar,Excellent,No,Others,Portion size was a joke.
2025/11/26 8:21:47 pm GMT+5:30,aidencruz09@yahoo.com ,Advik Rao,26,Female,Akola,Veg,MTR,Chips,High (300+),Reasonable,4,4,5,4,Health,Quantity,Tea,Vegan,High Fiber,Good,Yes,Delivery Partner,The dish lacked any real flavor punch.
2025/11/26 8:21:51 pm GMT+5:30,owen.reed07@outlook.com ,Rohan Kamble,27,Other,Mumbai,Non-Veg,Unilever,Bread,Low (0–150),Expensive,2,5,4,5,Distance,Hygiene,Tea,Non-Veg,High Protein,Good,Yes,Delivery Partner,Could use better ingredients.
2025/11/26 8:21:52 pm GMT+5:30,loganhill13@gmail.com ,Yash Malhotra,32,Male,Akola,Veg,Other,Biscuits,High (300+),Reasonable,5,4,3,4,Taste & Price,Hygiene,Samosa,Sugar-Free,High Protein,Poor,No,Store,Spice level felt accidental.
2025/11/26 8:21:53 pm GMT+5:30,hanshulm18@yahoo.com ,Ritesh More,47,Other,Akola,Veg,Britannia,Namkeen,Low (0–150),Reasonable,5,5,5,5,Distance,Price,Tea,Gluten-Free,High Fiber,Poor,No,Online Store,Flavor lasted two seconds.
2025/11/26 8:21:54 pm GMT+5:30,krishp88@gmail.com ,Caleb Morris,21,Other,Amravati,Veg,PepsiCo,Fruit Juice,High (300+),Cheap,4,5,4,4,Taste & Price,Hygiene,Namkeen,Sugar-Free,High Protein,Very Poor,Yes,Delivery Partner,Gravy tasted diluted.
2025/11/26 8:21:55 pm GMT+5:30,kartik.nair18@yahoo.com ,Steve Jacob,21,Other,Mumbai,Both,Parle,Chocolate,High (300+),Cheap,4,4,5,5,Distance,Quality,Noodles,Sugar-Free,High Fiber,Excellent,Yes,Delivery Partner,Overpowering masala hit.
2025/11/26 8:21:59 pm GMT+5:30,veer.khanna11@gmail.com ,Yash Malhotra,43,Female,Mumbai,Veg,Nestle,Noodles,High (300+),Cheap,5,5,4,4,Distance,Price,Beverage,Veg,Low Fat,Average,Yes,Store,Cooked unevenly.
2025/11/26 8:22:00 pm GMT+5:30,abhinavkataria03@outlook.com ,Yuvraj Chauhan,35,Other,Mumbai,Veg,PepsiCo,Burger,Low (0–150),Expensive,5,5,5,5,Health,Hygiene,Beverage,Low-Calorie Diet,Low Fat,Good,Yes,Delivery Partner,Looked better than it tasted.
2025/11/26 8:22:01 pm GMT+5:30,harshsabh02@gmail.com ,Dylan Ross,28,Male,Amravati,Non-Veg,ITC,Chips,High (300+),Expensive,3,4,4,3,Health,Price,Chips,Veg,High Fiber,Good,No,Store,"Spices were random, not balanced."
2025/11/26 8:22:02 pm GMT+5:30,leohayes19@gmail.com ,Parth Luthra,40,Female,Akola,Veg,ITC,Chocolate,Low (0–150),Cheap,5,4,3,5,Distance,Hygiene,Burger,Vegan,Low Sugar,Good,No,Others,Lacked clean execution.
2025/11/26 8:22:03 pm GMT+5:30,manan.c99@gmail.com ,Jack Turner,30,Male,Amravati,Both,Britannia,Pastry,High (300+),Reasonable,4,3,5,4,Distance,Quality,Coffee,Non-Veg,High Protein,Poor,No,Dining,Burnt edges ruined it.
2025/11/26 8:22:07 pm GMT+5:30,samarv44@yahoo.com ,Parth Luthra,39,Female,Delhi,Veg,Parle,Ice Cream,Low (0–150),Expensive,3,4,4,5,Distance,Hygiene,Yoghurt,Veg,Low Fat,Very Poor,No,Delivery Partner,Spice level felt accidental.
2025/11/26 8:22:08 pm GMT+5:30,shlokb09@yahoo.com ,Vihaan Mathur,19,Other,Amravati,Non-Veg,Britannia,Yoghurt,Mid (150–250),Reasonable,5,4,3,4,Distance,Quality,Pasta,Vegan,Low Sugar,Good,No,Others,Missing basic seasoning.
2025/11/26 8:22:09 pm GMT+5:30,reyanshb88@gmail.com ,Aditya Shetty,47,Male,Mumbai,Non-Veg,PepsiCo,Beverage,Low (0–150),Expensive,3,4,5,5,Health,Quantity,Jam,Vegan,High Protein,Very Poor,No,Dining,Cook clearly didn’t taste it before serving.
2025/11/26 8:22:10 pm GMT+5:30,harshitk07@yahoo.com ,Anay Wadhwani,50,Female,Yavatmal,Veg,Britannia,Pastry,High (300+),Reasonable,5,2,4,4,Taste & Price,Quality,Sandwich,Vegan,High Fiber,Poor,Yes,Dining,Needed way more freshness.
2025/11/26 8:22:12 pm GMT+5:30,lucasgrant33@yahoo.com ,Vihaan Mathur,39,Male,Delhi,Both,Coca-Cola,Burger,Low (0–150),Cheap,5,5,3,5,Distance,Taste,Chips,Sugar-Free,High Fiber,Excellent,No,Others,Overcooked to the point of boredom.
2025/11/26 8:22:16 pm GMT+5:30,pranavgk02@proton.me ,Aryan Taneja,29,Other,Akola,Both,Coca-Cola,Coffee,Low (0–150),Cheap,3,5,5,4,Taste & Price,Hygiene,Tea,Gluten-Free,High Protein,Good,Yes,Dining,Tasted like it sat out too long.
2025/11/26 8:22:17 pm GMT+5:30,samarv44@yahoo.com ,Connor Price,41,Female,Delhi,Non-Veg,Amul,Coffee,Mid (150–250),Cheap,5,3,3,5,Habit,Hygiene,Jam,Low-Calorie Diet,High Fiber,Excellent,Yes,Online Store,Texture mismatch everywhere.
2025/11/26 8:22:18 pm GMT+5:30,om.kulkarni92@gmail.com ,Connor Price,40,Male,Mumbai,Veg,Britannia,Yoghurt,High (300+),Cheap,3,2,4,4,Habit,Quality,Sandwich,Sugar-Free,Low Sugar,Average,Yes,Dining,Presentation looked rushed.
2025/11/26 8:22:19 pm GMT+5:30,ronitpurohit10@yahoo.com ,Hunter Hayes,21,Male,Yavatmal,Veg,Haldiram,Samosa,Low (0–150),Cheap,3,4,4,5,Distance,Price,Beverage,Sugar-Free,Low Sugar,Good,No,Others,Bread was stale.
2025/11/26 8:22:20 pm GMT+5:30,yuvrajch45@gmail.com ,Rehan Siddiqui,38,Female,Amravati,Both,MTR,Yoghurt,Mid (150–250),Cheap,5,4,3,4,Taste & Price,Quantity,Beverage,Low-Calorie Diet,High Fiber,Excellent,No,Store,"Could’ve been great, wasn’t."
2025/11/26 8:22:24 pm GMT+5:30,tanisharora93@gmail.com ,Shaurya Anand,34,Other,Yavatmal,Veg,Bikaji,Pizza,High (300+),Cheap,4,3,4,5,Habit,Quality,Pasta,Non-Veg,Low Fat,Excellent,No,Dining,The dish lacked any real flavor punch.
2025/11/26 8:22:25 pm GMT+5:30,liamfoster31@yahoo.com ,Shaurya Anand,49,Other,Amravati,Non-Veg,Britannia,Pizza,High (300+),Reasonable,3,4,4,4,Taste & Price,Quality,Bread,Gluten-Free,Low Sugar,Poor,No,Online Store,Texture mismatch everywhere.
2025/11/26 8:22:26 pm GMT+5:30,amaysharma87@outlook.com ,Jash D’Souza,36,Male,Akola,Veg,Tata Consumer,Namkeen,High (300+),Expensive,4,5,3,5,Health,Taste,Chips,Veg,Low Sugar,Excellent,Yes,Delivery Partner,Shockingly mediocre.
2025/11/26 8:22:27 pm GMT+5:30,dhruvbagchi15@outlook.com ,Harsh Sabharwal,26,Male,Yavatmal,Both,Unilever,Burger,Mid (150–250),Cheap,4,3,4,4,Distance,Hygiene,Fruit Juice,Vegan,High Protein,Poor,Yes,Store,Needed more richness.
2025/11/26 8:22:28 pm GMT+5:30,alex.tms14@outlook.com ,Veer Khanna,36,Female,Yavatmal,Non-Veg,PepsiCo,Chips,Low (0–150),Reasonable,5,5,4,5,Taste & Price,Quality,Chips,Vegan,Low Sugar,Poor,Yes,Dining,Smelled better than it tasted.
2025/11/26 8:22:32 pm GMT+5:30,dhruvbagchi15@outlook.com ,Samarth Deshmukh,22,Male,Mumbai,Both,ITC,Fruit Juice,Mid (150–250),Reasonable,4,4,4,4,Health,Hygiene,Samosa,Vegan,Low Fat,Poor,Yes,Others,Confusing flavor profile.
2025/11/26 8:22:33 pm GMT+5:30,darshk55@gmail.com ,Ashwin Murthy,30,Male,Mumbai,Veg,Dabur,Jam,Low (0–150),Expensive,2,3,4,5,Distance,Quality,Pizza,Vegan,High Fiber,Average,Yes,Online Store,Weird aftertaste.
2025/11/26 8:22:34 pm GMT+5:30,shlokb09@yahoo.com ,Ethan Brooks,50,Other,Mumbai,Both,Nestle,Samosa,High (300+),Reasonable,4,2,4,4,Health,Quality,Pizza,Non-Veg,Low Fat,Good,No,Dining,Texture mismatch everywhere.
2025/11/26 8:22:35 pm GMT+5:30,liamfoster31@yahoo.com ,Devang Goel,21,Female,Mumbai,Veg,Unilever,Jam,Mid (150–250),Expensive,5,3,2,5,Distance,Price,Beverage,Sugar-Free,Low Fat,Poor,No,Online Store,Forgotten instantly.
2025/11/26 8:22:36 pm GMT+5:30,yashm24@rediffmail.com ,Aarav Mehta,35,Male,Yavatmal,Non-Veg,ITC,Pizza,High (300+),Reasonable,2,2,4,4,Taste & Price,Taste,Ice Cream,Gluten-Free,High Protein,Very Poor,No,Delivery Partner,Tasted generic.
2025/11/26 8:22:40 pm GMT+5:30,kartik.nair18@yahoo.com ,Mason Lee,18,Male,Mumbai,Non-Veg,Other,Burger,Mid (150–250),Reasonable,4,4,3,5,Health,Taste,Chips,Non-Veg,High Fiber,Excellent,No,Others,Soggy when it should’ve been crisp.
2025/11/26 8:22:41 pm GMT+5:30,owen.reed07@outlook.com ,Sid Francis,47,Female,Akola,Both,Other,Samosa,Mid (150–250),Reasonable,5,4,2,4,Habit,Quantity,Ice Cream,Low-Calorie Diet,High Protein,Poor,Yes,Others,Undercooked in the wrong places.
2025/11/26 8:22:42 pm GMT+5:30,ayush.solanki29@gmail.com ,Shane Cooper,28,Other,Yavatmal,Both,Britannia,Sandwich,Mid (150–250),Expensive,5,4,4,5,Habit,Quality,Ice Cream,Non-Veg,High Protein,Very Poor,Yes,Dining,Texture was confused.
2025/11/26 8:22:43 pm GMT+5:30,ayush.solanki29@gmail.com ,Advik Rao,27,Male,Akola,Both,Dabur,Tea,High (300+),Reasonable,4,5,3,4,Health,Price,Pastry,Sugar-Free,Low Sugar,Excellent,Yes,Dining,Flavor lasted two seconds.
2025/11/26 8:22:44 pm GMT+5:30,shreyasn88@outlook.com ,Joel Benjamin,33,Female,Akola,Non-Veg,Cadbury,Chocolate,Mid (150–250),Reasonable,5,4,4,3,Health,Price,Ice Cream,Non-Veg,High Fiber,Very Poor,Yes,Others,Salty enough to dehydrate a camel.
2025/11/26 8:22:48 pm GMT+5:30,samarth.desk@outlook.com ,Liam Foster,21,Female,Delhi,Both,PepsiCo,Cake,Mid (150–250),Reasonable,3,5,5,4,Habit,Quality,Burger,Vegan,Low Sugar,Very Poor,Yes,Others,Confusing flavor profile.
2025/11/26 8:27:46 pm GMT+5:30,alex.tms14@outlook.com ,Caleb Morris,26,Male,Akola,Non-Veg,Cadbury,Bread,High (300+),Cheap,3,5,5,5,Health,Taste,Ice Cream,Sugar-Free,Low Sugar,Poor,Yes,Delivery Partner,Texture mismatch everywhere.
2025/11/26 8:27:47 pm GMT+5:30,jash.dsouza66@gmail.com ,Caleb Morris,28,Male,Delhi,Non-Veg,Bikaji,Pasta,Low (0–150),Expensive,3,4,4,4,Health,Quality,Beverage,Veg,High Protein,Good,Yes,Store,Lacked clean execution.
2025/11/26 8:27:48 pm GMT+5:30,ayush.solanki29@gmail.com ,Jash D’Souza,32,Female,Delhi,Non-Veg,Tata Consumer,Fruit Juice,Mid (150–250),Expensive,3,4,4,5,Health,Taste,Ice Cream,Low-Calorie Diet,Low Fat,Average,Yes,Store,Messy execution.
2025/11/26 8:27:49 pm GMT+5:30,niravprm02@gmail.com ,Harsh Sabharwal,25,Female,Delhi,Veg,Tata Consumer,Fruit Juice,High (300+),Expensive,4,5,4,4,Taste & Price,Price,Beverage,Veg,Low Fat,Poor,No,Delivery Partner,Presentation looked rushed.
2025/11/26 8:27:53 pm GMT+5:30,neilcarter99@gmail.com ,Shivansh Bharti,43,Female,Akola,Non-Veg,ITC,Bread,Mid (150–250),Expensive,4,4,3,5,Distance,Hygiene,Bread,Non-Veg,High Fiber,Poor,Yes,Store,Tasted fine but nothing memorable.
2025/11/26 8:27:55 pm GMT+5:30,shanecp11@gmail.com ,Alex Thomas,22,Female,Yavatmal,Non-Veg,ITC,Biscuits,Low (0–150),Cheap,4,4,4,4,Distance,Quantity,Noodles,Low-Calorie Diet,High Fiber,Good,Yes,Others,"Could’ve been great, wasn’t."
2025/11/26 8:27:56 pm GMT+5:30,arjunthakur72@gmail.com ,Connor Price,47,Female,Yavatmal,Non-Veg,Tata Consumer,Cake,Low (0–150),Expensive,2,3,4,5,Taste & Price,Quantity,Bread,Gluten-Free,Low Sugar,Very Poor,Yes,Dining,Needs serious improvement.
2025/11/26 8:27:57 pm GMT+5:30,pranavgk02@proton.me ,Devang Goel,20,Male,Yavatmal,Veg,Amul,Beverage,Mid (150–250),Reasonable,3,3,4,4,Health,Price,Namkeen,Veg,High Protein,Good,Yes,Delivery Partner,Flavor died halfway.
2025/11/26 8:27:58 pm GMT+5:30,calebmorris31@gmail.com ,Advik Rao,39,Female,Akola,Veg,Britannia,Chocolate,Low (0–150),Reasonable,4,1,4,5,Distance,Quality,Cake,Non-Veg,Low Fat,Good,Yes,Others,Not enjoyable.
2025/11/26 8:28:02 pm GMT+5:30,jatinmt77@outlook.com ,Shlok Banerjee,33,Male,Amravati,Both,Britannia,Chips,Mid (150–250),Cheap,4,4,5,4,Taste & Price,Hygiene,Samosa,Sugar-Free,Low Fat,Very Poor,Yes,Dining,Needed acidity boost.
2025/11/26 8:28:03 pm GMT+5:30,tristanford90@yahoo.com ,Om Kulkarni,48,Female,Delhi,Both,Amul,Burger,High (300+),Cheap,5,5,5,5,Taste & Price,Taste,Burger,Non-Veg,High Protein,Very Poor,Yes,Delivery Partner,Not enjoyable.
2025/11/26 8:28:04 pm GMT+5:30,aryantj02@yahoo.com ,Rehan Siddiqui,24,Female,Amravati,Veg,ITC,Sandwich,Low (0–150),Expensive,5,4,4,4,Habit,Price,Chips,Gluten-Free,High Fiber,Excellent,Yes,Store,Temperature was off.
2025/11/26 8:28:05 pm GMT+5:30,ethanbrooks11@gmail.com ,Owen Reed,37,Female,Delhi,Non-Veg,Coca-Cola,Cake,Mid (150–250),Expensive,5,4,1,5,Taste & Price,Hygiene,Noodles,Vegan,Low Sugar,Average,Yes,Others,"Needed acidity, had none."
2025/11/26 8:28:06 pm GMT+5:30,rohan.kamble17@gmail.com ,Ayush Solanki,43,Male,Yavatmal,Non-Veg,Dabur,Beverage,High (300+),Reasonable,4,4,4,4,Taste & Price,Quality,Coffee,Veg,Low Sugar,Poor,Yes,Store,Portion size was a joke.
2025/11/26 8:28:10 pm GMT+5:30,liamfoster31@yahoo.com ,Francis D’Costa,35,Male,Mumbai,Non-Veg,Kellogg's,Bread,Low (0–150),Reasonable,4,3,4,5,Health,Price,Pizza,Non-Veg,Low Sugar,Good,Yes,Online Store,Tasted generic.
2025/11/26 8:28:11 pm GMT+5:30,rehan.sid13@outlook.com ,Noah Collins,31,Female,Delhi,Non-Veg,Haldiram,Pizza,High (300+),Expensive,5,3,5,4,Taste & Price,Taste,Yoghurt,Vegan,Low Sugar,Very Poor,Yes,Store,Feels like a reheated leftover.
2025/11/26 8:28:13 pm GMT+5:30,stevejacob92@outlook.com ,Ethan Brooks,43,Female,Delhi,Veg,MTR,Beverage,High (300+),Reasonable,3,4,4,5,Health,Taste,Cake,Low-Calorie Diet,High Fiber,Excellent,Yes,Store,Felt rushed.
2025/11/26 8:28:14 pm GMT+5:30,lucasgrant33@yahoo.com ,Kian Oberoi,20,Male,Yavatmal,Both,ITC,Fruit Juice,Mid (150–250),Expensive,4,5,4,4,Health,Quantity,Cake,Vegan,Low Fat,Good,Yes,Online Store,Too greasy.
2025/11/26 8:28:15 pm GMT+5:30,rohan.kamble17@gmail.com ,Shreyas Nayak,27,Female,Akola,Both,Dabur,Sandwich,Mid (150–250),Cheap,2,4,3,5,Taste & Price,Hygiene,Pastry,Gluten-Free,Low Fat,Good,Yes,Delivery Partner,Overpowering masala hit.
2025/11/26 8:28:19 pm GMT+5:30,krishp88@gmail.com ,Alex Thomas,43,Female,Amravati,Both,Parle,Noodles,Low (0–150),Expensive,5,4,2,4,Taste & Price,Quantity,Sandwich,Low-Calorie Diet,High Fiber,Poor,No,Dining,Texture mismatch everywhere.
2025/11/26 8:28:20 pm GMT+5:30,kartikeyas01@rediffmail.com ,Shane Cooper,47,Male,Yavatmal,Veg,Britannia,Beverage,Mid (150–250),Expensive,4,4,4,5,Distance,Quality,Jam,Veg,Low Sugar,Average,Yes,Online Store,Too sweet for no reason.
2025/11/26 8:28:21 pm GMT+5:30,amaysharma87@outlook.com ,Gaurav Wadhwa,48,Female,Mumbai,Both,ITC,Tea,Low (0–150),Expensive,4,4,3,4,Habit,Price,Chips,Low-Calorie Diet,Low Fat,Good,Yes,Online Store,Plain and forgettable.
2025/11/26 8:28:22 pm GMT+5:30,hunterh55@yahoo.com ,Joel Benjamin,31,Male,Akola,Both,Other,Coffee,Low (0–150),Cheap,5,5,4,5,Distance,Taste,Cake,Low-Calorie Diet,High Protein,Good,Yes,Dining,Random spice hit without purpose.
2025/11/26 8:28:23 pm GMT+5:30,devjoglekar17@yahoo.com ,Naman Reddy,28,Male,Mumbai,Both,Kellogg's,Coffee,Low (0–150),Reasonable,4,5,4,4,Distance,Quantity,Chips,Veg,High Protein,Excellent,Yes,Online Store,Sauce tasted artificial.
2025/11/26 8:28:27 pm GMT+5:30,samarv44@yahoo.com ,Kartik Nair,45,Male,Yavatmal,Non-Veg,Tata Consumer,Pasta,Low (0–150),Reasonable,2,4,3,5,Health,Hygiene,Burger,Veg,High Protein,Excellent,Yes,Online Store,Not worth a second try.
2025/11/26 8:28:28 pm GMT+5:30,raghavsuri99@outlook.com ,Reyansh Bhide,43,Male,Yavatmal,Non-Veg,Coca-Cola,Jam,Mid (150–250),Reasonable,4,3,4,4,Health,Quantity,Yoghurt,Non-Veg,High Fiber,Good,Yes,Store,Soggy when it should’ve been crisp.
2025/11/26 8:28:29 pm GMT+5:30,joelben90@yahoo.com ,Dylan Ross,42,Male,Delhi,Both,Bikaji,Chips,Mid (150–250),Reasonable,2,5,4,5,Distance,Quality,Coffee,Low-Calorie Diet,High Fiber,Average,Yes,Dining,Temperature was off.
2025/11/26 8:28:30 pm GMT+5:30,abhinavkataria03@outlook.com ,Finn Howard,34,Female,Yavatmal,Non-Veg,Nestle,Namkeen,Low (0–150),Cheap,4,2,4,4,Health,Taste,Sandwich,Veg,Low Sugar,Good,Yes,Dining,Overpowering masala hit.
2025/11/26 8:28:32 pm GMT+5:30,aidencruz09@yahoo.com ,Logan Hill,24,Female,Mumbai,Both,MTR,Coffee,High (300+),Cheap,5,4,4,3,Taste & Price,Quantity,Coffee,Non-Veg,Low Fat,Very Poor,Yes,Online Store,"Could’ve been great, wasn’t."
2025/11/26 8:28:36 pm GMT+5:30,namanreddy82@gmail.com ,Naman Reddy,50,Male,Amravati,Non-Veg,Kellogg's,Yoghurt,High (300+),Cheap,4,4,5,4,Habit,Quality,Sandwich,Non-Veg,Low Fat,Very Poor,Yes,Online Store,Veggies were mushy.
2025/11/26 8:28:37 pm GMT+5:30,kianoberoi13@yahoo.com ,Lokesh Rawat,32,Female,Amravati,Non-Veg,Unilever,Namkeen,Low (0–150),Cheap,5,4,5,5,Health,Hygiene,Jam,Low-Calorie Diet,High Fiber,Very Poor,Yes,Dining,Portion size was a joke.
2025/11/26 8:28:38 pm GMT+5:30,vihaanmathur05@gmail.com ,Anay Wadhwani,45,Male,Delhi,Non-Veg,PepsiCo,Sandwich,Low (0–150),Reasonable,2,4,4,4,Health,Taste,Sandwich,Sugar-Free,Low Sugar,Average,Yes,Online Store,Not satisfying.
2025/11/26 8:28:39 pm GMT+5:30,anaywadhwani02@outlook.com ,Aarav Mehta,35,Male,Amravati,Veg,Cadbury,Yoghurt,Mid (150–250),Reasonable,5,5,3,5,Health,Quality,Tea,Gluten-Free,Low Sugar,Very Poor,Yes,Store,Flavor died halfway.
2025/11/26 8:28:40 pm GMT+5:30,darshk55@gmail.com ,Sid Francis,39,Male,Yavatmal,Veg,Cadbury,Pizza,High (300+),Reasonable,3,3,5,4,Health,Hygiene,Jam,Gluten-Free,Low Fat,Very Poor,Yes,Online Store,"Needed acidity, had none."
2025/11/26 8:28:44 pm GMT+5:30,lokeshrawat03@gmail.com ,Neil Carter,22,Female,Delhi,Both,Nestle,Bread,Low (0–150),Reasonable,5,3,2,5,Taste & Price,Hygiene,Sandwich,Gluten-Free,Low Sugar,Excellent,Yes,Online Store,Tasted like it sat out too long.
2025/11/26 8:28:45 pm GMT+5:30,arjunthakur72@gmail.com ,Mason Lee,32,Female,Delhi,Both,Bikaji,Cake,High (300+),Reasonable,5,4,3,4,Distance,Hygiene,Fruit Juice,Gluten-Free,Low Sugar,Good,Yes,Others,Not enjoyable.
2025/11/26 8:28:46 pm GMT+5:30,parth.luthra93@outlook.com ,Rudra Kamat,36,Female,Yavatmal,Both,Haldiram,Beverage,High (300+),Cheap,5,5,5,5,Habit,Quantity,Cake,Veg,Low Fat,Good,Yes,Others,Zero depth in flavor.
2025/11/26 8:28:47 pm GMT+5:30,arnavacharya12@gmail.com ,Shivansh Bharti,39,Male,Delhi,Both,Nestle,Yoghurt,Low (0–150),Expensive,3,5,4,4,Distance,Taste,Namkeen,Sugar-Free,Low Fat,Excellent,Yes,Dining,The dish lacked any real flavor punch.
2025/11/26 8:28:48 pm GMT+5:30,shivanshb01@yahoo.com ,Gaurav Wadhwa,27,Male,Akola,Non-Veg,MTR,Pastry,Low (0–150),Cheap,5,4,2,5,Distance,Quantity,Tea,Vegan,Low Fat,Poor,No,Delivery Partner,Warm but not fresh.
2025/11/26 8:28:52 pm GMT+5:30,loganhill13@gmail.com ,Shlok Banerjee,29,Male,Akola,Veg,Parle,Beverage,High (300+),Expensive,4,5,4,4,Distance,Hygiene,Jam,Non-Veg,Low Sugar,Average,Yes,Online Store,Aroma was misleading — flavor didn’t match.
2025/11/26 8:28:53 pm GMT+5:30,lokeshrawat03@gmail.com ,Keshav Trivedi,30,Female,Yavatmal,Non-Veg,Cadbury,Coffee,High (300+),Reasonable,5,4,4,5,Health,Taste,Burger,Veg,High Fiber,Average,Yes,Delivery Partner,Flavors clashed hard.
2025/11/26 8:28:54 pm GMT+5:30,kevinmathew77@gmail.com ,Manan Chopra,27,Female,Amravati,Both,Amul,Pizza,Low (0–150),Expensive,5,3,3,4,Habit,Quality,Pizza,Non-Veg,Low Fat,Average,Yes,Others,Felt unseasoned.
2025/11/26 8:28:55 pm GMT+5:30,parth.luthra93@outlook.com ,Tyler Gray,40,Female,Yavatmal,Both,Cadbury,Chips,High (300+),Expensive,5,3,3,5,Distance,Quantity,Namkeen,Gluten-Free,Low Fat,Very Poor,Yes,Store,Texture felt lazy.
2025/11/26 8:28:56 pm GMT+5:30,ryan.walker01@outlook.com ,Vivaan Shah,33,Female,Yavatmal,Both,Haldiram,Samosa,Mid (150–250),Reasonable,4,4,3,4,Distance,Taste,Samosa,Low-Calorie Diet,Low Sugar,Average,Yes,Store,Burnt edges ruined it.
2025/11/26 8:29:00 pm GMT+5:30,anaywadhwani02@outlook.com ,Aarav Mehta,20,Male,Yavatmal,Veg,Nestle,Samosa,Low (0–150),Cheap,4,5,4,5,Taste & Price,Hygiene,Pizza,Sugar-Free,High Fiber,Poor,Yes,Dining,Flavors too muted.
2025/11/26 8:29:01 pm GMT+5:30,harshitk07@yahoo.com ,Hunter Hayes,47,Female,Mumbai,Non-Veg,Cadbury,Pizza,High (300+),Reasonable,4,4,4,4,Habit,Taste,Noodles,Sugar-Free,Low Fat,Excellent,Yes,Others,Didn’t hold together well.
2025/11/26 8:29:03 pm GMT+5:30,rico.vincent07@gmail.com ,Shivam Vyas,20,Male,Amravati,Veg,Unilever,Ice Cream,Low (0–150),Expensive,5,1,3,5,Taste & Price,Quality,Fruit Juice,Low-Calorie Diet,Low Sugar,Average,Yes,Store,Weird aftertaste.
2025/11/26 8:29:04 pm GMT+5:30,connorprice01@yahoo.com ,Caleb Morris,36,Female,Yavatmal,Non-Veg,Cadbury,Samosa,High (300+),Cheap,5,4,4,2,Taste & Price,Price,Pizza,Veg,High Protein,Average,Yes,Store,Not balanced at all.
2025/11/26 8:29:05 pm GMT+5:30,kunalbatra55@gmail.com ,Raghav Suri,44,Male,Yavatmal,Non-Veg,Britannia,Coffee,High (300+),Cheap,3,4,4,5,Health,Hygiene,Jam,Sugar-Free,Low Sugar,Poor,Yes,Online Store,Shockingly mediocre.
2025/11/26 8:29:09 pm GMT+5:30,ronitpurohit10@yahoo.com ,Hunter Hayes,29,Female,Yavatmal,Non-Veg,ITC,Burger,Low (0–150),Expensive,5,4,5,4,Distance,Price,Jam,Veg,Low Fat,Average,Yes,Others,Veggies were mushy.
2025/11/26 8:29:10 pm GMT+5:30,devang.g@proton.me ,Steve Jacob,46,Female,Akola,Veg,Dabur,Ice Cream,Mid (150–250),Expensive,5,4,3,5,Health,Taste,Pasta,Vegan,Low Sugar,Very Poor,Yes,Store,Sauce lacked identity.
2025/11/26 8:32:47 pm GMT+5:30,anaywadhwani02@outlook.com ,Lucas Grant,36,Male,Mumbai,Both,Unilever,Chips,Mid (150–250),Cheap,3,4,4,4,Health,Price,Cake,Gluten-Free,Low Sugar,Good,Yes,Dining,Not balanced at all.
2025/11/26 8:32:48 pm GMT+5:30,devang.g@proton.me ,Sameer Dalvi,46,Female,Delhi,Both,Other,Samosa,Mid (150–250),Cheap,4,4,5,5,Habit,Quantity,Cake,Non-Veg,High Fiber,Good,Yes,Online Store,Tasted tired.
2025/11/26 8:32:49 pm GMT+5:30,stevejacob92@outlook.com ,Raghav Suri,20,Male,Delhi,Veg,Cadbury,Chocolate,Mid (150–250),Reasonable,5,3,5,4,Health,Taste,Jam,Non-Veg,Low Sugar,Excellent,Yes,Online Store,Flavor lasted two seconds.
2025/11/26 8:32:50 pm GMT+5:30,shreyasn88@outlook.com ,Harsh Sabharwal,32,Male,Mumbai,Non-Veg,Coca-Cola,Beverage,Low (0–150),Expensive,4,5,4,5,Habit,Quantity,Chips,Vegan,High Fiber,Good,Yes,Delivery Partner,Looked better than it tasted.
2025/11/26 8:36:36 pm GMT+5:30,shreyasn88@outlook.com ,Rehan Siddiqui,42,Female,Akola,Non-Veg,Nestle,Noodles,Low (0–150),Expensive,5,4,4,4,Habit,Quality,Beverage,Vegan,Low Fat,Good,Yes,Others,Tasted generic.
2025/11/26 8:36:50 pm GMT+5:30,devang.g@proton.me ,Samar Vardhan,46,Male,Amravati,Both,Coca-Cola,Pizza,Low (0–150),Expensive,3,4,4,5,Taste & Price,Quality,Burger,Low-Calorie Diet,High Protein,Good,Yes,Store,Too spicy without balance.
2025/11/26 8:36:51 pm GMT+5:30,tylergray26@outlook.com ,Shlok Banerjee,48,Female,Amravati,Both,MTR,Namkeen,High (300+),Reasonable,4,4,4,4,Distance,Taste,Pizza,Low-Calorie Diet,Low Sugar,Average,Yes,Delivery Partner,Lacked boldness.
2025/11/26 8:36:52 pm GMT+5:30,tejas.kh21@yahoo.com ,Darsh Kapadia,32,Male,Amravati,Both,Tata Consumer,Chips,Low (0–150),Expensive,5,5,5,5,Taste & Price,Quality,Burger,Veg,Low Sugar,Good,Yes,Delivery Partner,Average at best.
2025/11/26 8:36:53 pm GMT+5:30,leohayes19@gmail.com ,Rehan Siddiqui,47,Male,Amravati,Both,MTR,Ice Cream,High (300+),Reasonable,4,2,2,4,Habit,Taste,Cake,Low-Calorie Diet,Low Sugar,Good,Yes,Online Store,Texture mismatch everywhere.
2025/11/26 8:36:57 pm GMT+5:30,tanisharora93@gmail.com ,Naman Reddy,37,Female,Mumbai,Both,Bikaji,Burger,Mid (150–250),Cheap,4,4,4,5,Taste & Price,Taste,Biscuits,Non-Veg,High Protein,Poor,Yes,Delivery Partner,Not satisfying.
2025/11/26 8:36:58 pm GMT+5:30,sameer.dv21@yahoo.com ,Steve Jacob,20,Male,Delhi,Both,Bikaji,Sandwich,Mid (150–250),Reasonable,4,4,4,4,Distance,Taste,Sandwich,Non-Veg,Low Sugar,Excellent,Yes,Online Store,Under-seasoned to the core.
2025/11/26 8:36:59 pm GMT+5:30,seanporter05@yahoo.com ,Om Kulkarni,34,Female,Akola,Veg,PepsiCo,Tea,Mid (150–250),Reasonable,3,4,3,5,Habit,Quality,Pasta,Veg,Low Fat,Average,Yes,Store,Not worth repeating.
2025/11/26 8:37:00 pm GMT+5:30,veer.khanna11@gmail.com ,Harsh Sabharwal,41,Male,Amravati,Veg,Amul,Beverage,High (300+),Expensive,4,4,4,4,Distance,Taste,Cake,Veg,High Protein,Good,Yes,Store,Lacked clean execution.
2025/11/26 8:37:01 pm GMT+5:30,veer.khanna11@gmail.com ,Jordan Blake,43,Male,Amravati,Non-Veg,Bikaji,Yoghurt,Mid (150–250),Expensive,2,3,5,5,Health,Quality,Fruit Juice,Veg,High Fiber,Good,Yes,Others,Rice was clumped together horribly.
2025/11/26 8:37:06 pm GMT+5:30,niravprm02@gmail.com ,Reyansh Bhide,39,Male,Yavatmal,Veg,ITC,Namkeen,High (300+),Reasonable,4,5,2,4,Taste & Price,Taste,Noodles,Sugar-Free,High Protein,Good,Yes,Online Store,Needs serious improvement.
2025/11/26 8:37:07 pm GMT+5:30,yuvrajch45@gmail.com ,Jash D’Souza,20,Male,Mumbai,Veg,Tata Consumer,Beverage,High (300+),Cheap,5,5,4,5,Distance,Quantity,Pizza,Low-Calorie Diet,Low Fat,Average,Yes,Store,Veggies tasted frozen.
2025/11/26 8:37:08 pm GMT+5:30,kartik.nair18@yahoo.com ,Abhinav Kataria,36,Male,Akola,Both,ITC,Namkeen,Low (0–150),Expensive,5,4,5,4,Taste & Price,Quantity,Namkeen,Sugar-Free,Low Fat,Good,Yes,Store,Portion size was a joke.
2025/11/26 8:37:09 pm GMT+5:30,tristanford90@yahoo.com ,Brayden Cole,25,Female,Yavatmal,Veg,ITC,Jam,Low (0–150),Reasonable,4,4,4,5,Habit,Quality,Pizza,Veg,Low Fat,Good,Yes,Store,Portion overpriced for quality.
2025/11/26 8:37:10 pm GMT+5:30,darshk55@gmail.com ,Nirav Parmar,27,Male,Amravati,Both,Amul,Yoghurt,Low (0–150),Expensive,5,4,3,4,Taste & Price,Hygiene,Yoghurt,Sugar-Free,High Fiber,Average,Yes,Others,Lacked boldness.
2025/11/26 8:37:14 pm GMT+5:30,ronitpurohit10@yahoo.com ,Advik Rao,49,Female,Amravati,Both,MTR,Pizza,High (300+),Cheap,4,4,4,5,Health,Taste,Biscuits,Vegan,Low Fat,Good,Yes,Delivery Partner,Needed way more freshness.
2025/11/26 8:37:15 pm GMT+5:30,vivaansh04@yahoo.com ,Kunal Batra,38,Male,Amravati,Veg,Britannia,Biscuits,Mid (150–250),Reasonable,3,4,4,4,Distance,Hygiene,Bread,Sugar-Free,High Protein,Good,Yes,Dining,Tasted like it sat out too long.
2025/11/26 8:37:16 pm GMT+5:30,abhinavkataria03@outlook.com ,Ashwin Murthy,35,Male,Amravati,Veg,Britannia,Jam,Low (0–150),Expensive,3,4,5,3,Health,Quantity,Cake,Non-Veg,High Fiber,Average,Yes,Others,Missing basic seasoning.
2025/11/26 8:37:17 pm GMT+5:30,dylanross72@gmail.com ,Ethan Brooks,39,Female,Delhi,Both,Unilever,Sandwich,Mid (150–250),Expensive,4,2,5,4,Health,Hygiene,Namkeen,Sugar-Free,High Protein,Excellent,Yes,Others,Sauce lacked identity.
2025/11/26 8:37:18 pm GMT+5:30,rohan.kamble17@gmail.com ,Logan Hill,36,Male,Mumbai,Veg,PepsiCo,Namkeen,Mid (150–250),Expensive,1,4,4,5,Habit,Quantity,Burger,Gluten-Free,High Protein,Good,Yes,Store,Overpowering masala hit.
2025/11/26 8:37:22 pm GMT+5:30,dhruvbagchi15@outlook.com ,Dhruv Bagchi,50,Female,Amravati,Veg,Dabur,Jam,Mid (150–250),Cheap,3,3,5,4,Health,Quantity,Yoghurt,Non-Veg,Low Sugar,Good,Yes,Others,The seasoning was all over the place.
2025/11/26 8:37:23 pm GMT+5:30,tanmaybn44@gmail.com ,Aditya Shetty,24,Male,Akola,Both,Bikaji,Tea,Mid (150–250),Cheap,4,4,4,5,Distance,Quantity,Beverage,Low-Calorie Diet,Low Sugar,Good,Yes,Store,Too greasy.
2025/11/26 8:37:24 pm GMT+5:30,tanisharora93@gmail.com ,Tristan Ford,38,Male,Mumbai,Veg,Nestle,Fruit Juice,Low (0–150),Cheap,2,5,1,4,Taste & Price,Hygiene,Pizza,Low-Calorie Diet,Low Sugar,Average,Yes,Online Store,Stale vibes from the first bite.
2025/11/26 8:37:25 pm GMT+5:30,neeljoshi17@outlook.com ,Harshit Kaurav,49,Male,Yavatmal,Veg,ITC,Namkeen,Mid (150–250),Cheap,5,4,5,5,Habit,Quantity,Chocolate,Sugar-Free,Low Sugar,Average,Yes,Delivery Partner,Flavor lasted two seconds.
2025/11/26 8:37:27 pm GMT+5:30,finnhoward77@outlook.com,Shreyas Nayak,25,Male,Akola,Both,Britannia,Beverage,High (300+),Cheap,5,4,3,4,Distance,Hygiene,Tea,Veg,Low Sugar,Good,Yes,Store,Spice level felt accidental.
2025/11/26 8:37:31 pm GMT+5:30,dylanross72@gmail.com ,Shlok Banerjee,41,Male,Yavatmal,Veg,ITC,Fruit Juice,Low (0–150),Expensive,4,5,3,5,Habit,Price,Chips,Low-Calorie Diet,High Protein,Average,Yes,Delivery Partner,Too oily — fix your frying discipline.
2025/11/26 8:37:32 pm GMT+5:30,kevinmathew77@gmail.com ,Krish Patel,22,Male,Delhi,Veg,PepsiCo,Chips,Mid (150–250),Reasonable,5,4,5,4,Health,Taste,Coffee,Low-Calorie Diet,High Protein,Excellent,Yes,Dining,Shockingly mediocre.
2025/11/26 8:37:33 pm GMT+5:30,calebmorris31@gmail.com ,Ritesh More,26,Female,Mumbai,Veg,Unilever,Chips,Low (0–150),Reasonable,4,5,5,5,Health,Quality,Beverage,Gluten-Free,Low Sugar,Good,Yes,Delivery Partner,Flavors too muted.
2025/11/26 8:37:34 pm GMT+5:30,keshavtri55@gmail.com ,Aditya Shetty,26,Male,Mumbai,Both,Parle,Burger,Low (0–150),Expensive,2,4,3,4,Habit,Price,Biscuits,Vegan,High Protein,Average,Yes,Store,"Could’ve been great, wasn’t."
2025/11/26 8:37:35 pm GMT+5:30,tejas.kh21@yahoo.com ,Ronit Purohit,39,Male,Amravati,Veg,Britannia,Pastry,Low (0–150),Reasonable,5,3,4,5,Habit,Quantity,Pasta,Veg,Low Fat,Good,Yes,Store,Feels like a reheated leftover.
2025/11/26 8:37:39 pm GMT+5:30,om.kulkarni92@gmail.com ,Arjun Thakur,23,Male,Delhi,Veg,Haldiram,Biscuits,High (300+),Reasonable,3,5,4,4,Taste & Price,Taste,Beverage,Non-Veg,Low Fat,Excellent,Yes,Delivery Partner,Gravy tasted diluted.
2025/11/26 8:37:40 pm GMT+5:30,ronitpurohit10@yahoo.com ,Ritvik Jha,18,Male,Akola,Both,Parle,Bread,Low (0–150),Cheap,4,4,3,5,Health,Taste,Pastry,Sugar-Free,Low Fat,Average,Yes,Others,Felt unseasoned.
2025/11/26 8:37:41 pm GMT+5:30,neeljoshi17@outlook.com ,Asher Lane,18,Male,Mumbai,Veg,Kellogg's,Noodles,High (300+),Expensive,5,4,4,4,Taste & Price,Quality,Chocolate,Vegan,High Fiber,Average,Yes,Store,Felt mass-produced.
2025/11/26 8:37:42 pm GMT+5:30,reyanshb88@gmail.com ,Lokesh Rawat,20,Female,Delhi,Veg,Coca-Cola,Sandwich,Mid (150–250),Expensive,4,4,4,5,Distance,Hygiene,Pasta,Vegan,High Fiber,Excellent,Yes,Dining,"Spices were random, not balanced."
2025/11/26 8:37:43 pm GMT+5:30,sameer.dv21@yahoo.com ,Veer Khanna,42,Male,Amravati,Veg,Amul,Chocolate,High (300+),Cheap,2,3,4,4,Distance,Quantity,Biscuits,Vegan,High Protein,Good,Yes,Dining,Felt mass-produced.
2025/11/26 8:37:47 pm GMT+5:30,jatinmt77@outlook.com ,Krish Patel,45,Female,Delhi,Non-Veg,Bikaji,Sandwich,Low (0–150),Reasonable,5,4,4,5,Health,Taste,Pasta,Sugar-Free,Low Sugar,Good,Yes,Delivery Partner,Too greasy.
2025/11/26 8:37:48 pm GMT+5:30,abhaykohli21@gmail.com ,Jack Turner,43,Male,Amravati,Both,Coca-Cola,Tea,High (300+),Expensive,3,4,4,4,Habit,Quality,Fruit Juice,Non-Veg,Low Fat,Average,Yes,Others,Burnt edges ruined it.
2025/11/26 8:37:50 pm GMT+5:30,kianoberoi13@yahoo.com ,Gaurav Wadhwa,50,Male,Mumbai,Both,Nestle,Pastry,High (300+),Expensive,4,4,4,5,Distance,Quality,Namkeen,Vegan,Low Fat,Good,Yes,Delivery Partner,Looked better than it tasted.
2025/11/26 8:37:51 pm GMT+5:30,devjoglekar17@yahoo.com ,Kartikeya Singh,27,Female,Delhi,Both,Unilever,Sandwich,Low (0–150),Cheap,5,4,3,4,Distance,Taste,Chocolate,Vegan,High Protein,Average,Yes,Dining,Gravy tasted diluted.
2025/11/26 8:37:52 pm GMT+5:30,lokeshrawat03@gmail.com ,Rico Vincent,42,Female,Yavatmal,Veg,Haldiram,Beverage,Mid (150–250),Expensive,2,4,3,3,Distance,Hygiene,Noodles,Sugar-Free,Low Sugar,Good,Yes,Online Store,Too thick.
2025/11/26 8:37:56 pm GMT+5:30,lokeshrawat03@gmail.com ,Hanshul Mehra,36,Male,Amravati,Veg,Dabur,Samosa,Mid (150–250),Cheap,3,3,5,4,Habit,Quantity,Fruit Juice,Veg,High Fiber,Very Poor,Yes,Dining,Random spice hit without purpose.
2025/11/26 8:37:57 pm GMT+5:30,kartikeyas01@rediffmail.com ,Shane Cooper,33,Male,Yavatmal,Veg,Dabur,Yoghurt,Mid (150–250),Cheap,4,3,3,5,Taste & Price,Hygiene,Yoghurt,Gluten-Free,High Protein,Good,Yes,Store,Random spice hit without purpose.
2025/11/26 8:37:58 pm GMT+5:30,aryantj02@yahoo.com ,Kartikeya Singh,46,Male,Yavatmal,Veg,Amul,Cake,Mid (150–250),Cheap,3,4,5,4,Distance,Quality,Pastry,Vegan,Low Fat,Good,Yes,Delivery Partner,Flavor lasted two seconds.
2025/11/26 8:37:59 pm GMT+5:30,tanisharora93@gmail.com ,Jack Turner,34,Male,Delhi,Veg,Unilever,Chips,Mid (150–250),Expensive,3,4,3,5,Taste & Price,Quantity,Namkeen,Vegan,Low Sugar,Good,Yes,Others,Tasted tired.
2025/11/26 8:38:00 pm GMT+5:30,shaurya.anand01@outlook.com ,Reyansh Bhide,39,Male,Yavatmal,Non-Veg,Britannia,Burger,Low (0–150),Expensive,5,4,4,4,Distance,Price,Ice Cream,Low-Calorie Diet,Low Fat,Average,Yes,Dining,Missing basic seasoning.
2025/11/26 8:38:07 pm GMT+5:30,om.kulkarni92@gmail.com ,Ronit Purohit,29,Male,Delhi,Both,Dabur,Burger,Mid (150–250),Expensive,3,4,4,5,Distance,Price,Chips,Sugar-Free,Low Sugar,Good,Yes,Online Store,Tasted generic.
2025/11/26 8:38:08 pm GMT+5:30,advikrao22@proton.me ,Arnav Acharya,25,Male,Delhi,Veg,Other,Pizza,Low (0–150),Reasonable,4,4,4,4,Distance,Price,Tea,Low-Calorie Diet,Low Fat,Good,Yes,Online Store,Sauce tasted artificial.
2025/11/26 8:38:09 pm GMT+5:30,aryantj02@yahoo.com ,Neil Carter,20,Male,Yavatmal,Both,Unilever,Tea,Mid (150–250),Reasonable,3,4,5,5,Health,Price,Fruit Juice,Vegan,Low Fat,Excellent,Yes,Store,Not enjoyable.
2025/11/26 8:38:10 pm GMT+5:30,abhaykohli21@gmail.com ,Reyansh Bhide,41,Male,Amravati,Non-Veg,Cadbury,Namkeen,Low (0–150),Reasonable,3,3,5,4,Health,Taste,Chips,Veg,Low Fat,Excellent,Yes,Store,Flavors too muted.
2025/11/26 8:38:11 pm GMT+5:30,shlokb09@yahoo.com ,Aarav Mehta,38,Male,Delhi,Both,Nestle,Burger,High (300+),Cheap,3,4,3,5,Distance,Quality,Pizza,Veg,Low Sugar,Excellent,Yes,Delivery Partner,Needs serious improvement.
2025/11/26 8:38:15 pm GMT+5:30,hanshulm18@yahoo.com ,Ishan Verma,47,Male,Akola,Both,Parle,Samosa,Mid (150–250),Reasonable,4,4,4,4,Health,Quantity,Chips,Vegan,Low Sugar,Excellent,Yes,Delivery Partner,Curry tasted flat.
2025/11/27 9:23:10 pm GMT+5:30,maya.jelen@yahoo.com,Maya,23,Female,Lisbon,Non-Veg,Other,Pizza,Mid (150–250),Cheap,4,4,4,5,Taste & Price,Taste,Pizza;Burger;Pasta;Sandwich;Ice Cream,Sugar-Free;Low-Calorie Diet,Low Fat,Good,No,Dining,good
2025/11/27 9:24:36 pm GMT+5:30,sekapie14@gmail.com,Enily,17,Female,Geneva,Non-Veg,Nestle,Sandwich,Mid (150–250),Cheap,3,4,3,4,Taste & Price,Price;Taste,Pizza;Burger;Sandwich,Non-Veg,High Fiber,Good,No,Online Store,Make the fo you have specific dietary preferences ....add a no option.
2025/12/01 8:57:58 pm GMT+5:30,Mohit ,Samarth ,18,Male,Amravati ,Both,Other,Tea,Mid (150–250),Cheap,5,5,5,5,Health;Habit,Price;Quality,Beverage;Sandwich;Pastry;Jam,Non-Veg;Gluten-Free,High Fiber,Poor,No,Delivery Partner;Online Store,Thank 
2025/12/01 8:59:31 pm GMT+5:30,learnwithmohit18@gmail.com,Krishna ,22,Male,Nagpur ,Both,PepsiCo,Pizza,Mid (150–250),Reasonable,5,3,5,4,Health;Habit,Hygiene;Quantity,Noodles;Beverage;Burger;Tea,Non-Veg;Low-Calorie Diet,High Protein,Poor,No,Delivery Partner;Others,Thanks 
